model,training_data,test_images,gt_instances,precision,recall,map50,map50_95
YOLO26n Pretrained,COCO pretrained,903,3895,0.7446422625,0.4605905006,0.5364441151,0.2780811437
YOLO26n v3,"v3, 9,600 images",903,3895,0.8452475896,0.6649550706,0.7638485026,0.4998885837
YOLO26n v4,"v4, 7,575 images",903,3895,0.8481989782,0.6223363286,0.7106787039,0.4650258918
